city_name,title,price
bj,2015年1月,23575
bj,2015年2月,23819
bj,2015年3月,23635
bj,2015年4月,23944
bj,2015年5月,24254
bj,2015年6月,24316
bj,2015年7月,24464
bj,2015年8月,24763
bj,2015年9月,25016
bj,2015年10月,25102
bj,2015年11月,25138
bj,2015年12月,25226
bj,2016年1月,25303
bj,2016年2月,25462
bj,2016年3月,26240
bj,2016年4月,26589
bj,2016年5月,27093
bj,2016年6月,27545
bj,2016年7月,28607
bj,2016年8月,28982
bj,2016年9月,30011
bj,2016年10月,30398
bj,2016年11月,30732
bj,2016年12月,31154
bj,2017年1月,30862
bj,2017年2月,31561
bj,2017年3月,31719
bj,2017年4月,31337
bj,2017年5月,30703
bj,2017年6月,37930
bj,2017年7月,41949
bj,2017年8月,41836
bj,2017年9月,41247
bj,2017年10月,40356
bj,2017年11月,38047
bj,2017年12月,38204
bj,2018年1月,40065
bj,2018年2月,40221
bj,2018年3月,41529
bj,2018年4月,42150
bj,2018年5月,41999
bj,2018年6月,43291
bj,2018年7月,41550
bj,2018年8月,40890
bj,2018年9月,49350
bj,2018年10月,46158
bj,2018年11月,40534
bj,2018年12月,41903
bj,2019年1月,44620
bj,2019年2月,45639
bj,2019年3月,45516
bj,2019年4月,41333
bj,2019年5月,43357
bj,2019年6月,45358
bj,2019年7月,45266
bj,2019年8月,43191
bj,2019年9月,42525
bj,2019年10月,42970
bj,2019年11月,42850
bj,2019年12月,43333
bj,2020年1月,42752
bj,2020年2月,41178
bj,2020年3月,41434
bj,2020年4月,41384
bj,2020年5月,41153
bj,2020年6月,41009
bj,2020年7月,43540
bj,2020年8月,41409
bj,2020年9月,41008
bj,2020年10月,41008
bj,2020年11月,40630
bj,2020年12月,40364
bj,2021年1月,39690
bj,2021年2月,39606
bj,2021年3月,38393
bj,2021年4月,38316
bj,2021年5月,41292
bj,2021年6月,39295
bj,2021年7月,37761
bj,2021年8月,37633
bj,2021年9月,37651
bj,2021年10月,37381
bj,2021年11月,37951
bj,2021年12月,38416
bj,2022年1月,38866
bj,2022年2月,38808
bj,2022年3月,39579
bj,2022年4月,39788
bj,2022年5月,40462
bj,2022年6月,41511
bj,2022年7月,41336
bj,2022年8月,41651
bj,2022年9月,41270
bj,2022年10月,40908
bj,2022年11月,41614
bj,2022年12月,48509
bj,2023年1月,48282
bj,2023年2月,48251
bj,2023年3月,48166
bj,2023年4月,47921
bj,2023年5月,47162
bj,2023年6月,47105
bj,2023年7月,47171
bj,2023年8月,47237
bj,2023年9月,47661
hrb,2015年1月,7777
hrb,2015年2月,7777
hrb,2015年3月,7777
hrb,2015年4月,7777
hrb,2015年5月,7774
hrb,2015年6月,7774
hrb,2015年7月,7774
hrb,2015年8月,7774
hrb,2015年9月,7786
hrb,2015年10月,7786
hrb,2015年11月,7784
hrb,2015年12月,7768
hrb,2016年1月,7545
hrb,2016年2月,7545
hrb,2016年3月,7562
hrb,2016年4月,7403
hrb,2016年5月,7559
hrb,2016年6月,7521
hrb,2016年7月,7557
hrb,2016年8月,7653
hrb,2016年9月,7946
hrb,2016年10月,7960
hrb,2016年11月,7702
hrb,2016年12月,7746
hrb,2017年1月,7759
hrb,2017年2月,7811
hrb,2017年3月,7942
hrb,2017年4月,8078
hrb,2017年5月,8408
hrb,2017年6月,8851
hrb,2017年7月,8979
hrb,2017年8月,9140
hrb,2017年9月,9349
hrb,2017年10月,9505
hrb,2017年11月,9706
hrb,2017年12月,10595
hrb,2018年1月,10580
hrb,2018年2月,10476
hrb,2018年3月,10690
hrb,2018年4月,10933
hrb,2018年5月,10628
hrb,2018年6月,10799
hrb,2018年7月,10851
hrb,2018年8月,11405
hrb,2018年9月,11440
hrb,2018年10月,11621
hrb,2018年11月,11787
hrb,2018年12月,11975
hrb,2019年1月,12071
hrb,2019年2月,12013
hrb,2019年3月,12116
hrb,2019年4月,12112
hrb,2019年5月,12297
hrb,2019年6月,12452
hrb,2019年7月,12271
hrb,2019年8月,12334
hrb,2019年9月,12222
hrb,2019年10月,12441
hrb,2019年11月,12324
hrb,2019年12月,12246
hrb,2020年1月,12276
hrb,2020年2月,12218
hrb,2020年3月,12222
hrb,2020年4月,12081
hrb,2020年5月,12256
hrb,2020年6月,12211
hrb,2020年7月,12186
hrb,2020年8月,12257
hrb,2020年9月,12109
hrb,2020年10月,12156
hrb,2020年11月,12759
hrb,2020年12月,13005
hrb,2021年1月,12340
hrb,2021年2月,12348
hrb,2021年3月,12203
hrb,2021年4月,12314
hrb,2021年5月,11969
hrb,2021年6月,11858
hrb,2021年7月,11941
hrb,2021年8月,11427
hrb,2021年9月,11476
hrb,2021年10月,11430
hrb,2021年11月,11566
hrb,2021年12月,12054
hrb,2022年1月,12037
hrb,2022年2月,11928
hrb,1900年1月,11772
hrb,2022年4月,11548
hrb,2022年5月,11469
hrb,2022年6月,11443
hrb,2022年7月,11474
hrb,2022年8月,11308
hrb,2022年9月,11275
hrb,2022年10月,11218
hrb,2022年11月,11223
hrb,2022年12月,11166
hrb,2023年1月,11082
hrb,2023年2月,10949
hrb,2023年3月,10865
hrb,2023年4月,10717
hrb,2023年5月,10757
hrb,2023年6月,10746
hrb,2023年7月,10684
hrb,2023年8月,10676
hrb,2023年9月,10809
cn,2015年1月,32704
cn,2015年2月,31512
cn,2015年3月,31728
cn,2015年4月,31821
cn,2015年5月,31925
cn,2015年6月,32057
cn,2015年7月,32293
cn,2015年8月,32565
cn,2015年9月,32480
cn,2015年10月,32191
cn,2015年11月,32994
cn,2015年12月,33618
cn,2016年1月,33817
cn,2016年2月,34729
cn,2016年3月,36776
cn,2016年4月,37058
cn,2016年5月,38806
cn,2016年6月,40469
cn,2016年7月,41216
cn,2016年8月,43264
cn,2016年9月,46609
cn,2016年10月,48781
cn,2016年11月,49986
cn,2016年12月,49381
cn,2017年1月,49028
cn,2017年2月,49818
cn,2017年3月,50990
cn,2017年4月,50239
cn,2017年5月,49375
cn,2017年6月,57337
cn,2017年7月,56416
cn,2017年8月,56507
cn,2017年9月,55948
cn,2017年10月,54924
cn,2017年11月,54309
cn,2017年12月,53454
cn,2018年1月,49071
cn,2018年2月,48237
cn,2018年3月,47230
cn,2018年4月,47048
cn,2018年5月,46107
cn,2018年6月,47541
cn,2018年7月,45868
cn,2018年8月,45913
cn,2018年9月,45035
cn,2018年10月,45352
cn,2018年11月,44588
cn,2018年12月,47246
cn,2019年1月,48339
cn,2019年2月,47375
cn,2019年3月,46708
cn,2019年4月,45359
cn,2019年5月,45979
cn,2019年6月,46673
cn,2019年7月,47756
cn,2019年8月,47690
cn,2019年9月,50052
cn,2019年10月,51002
cn,2019年11月,50946
cn,2019年12月,51525
cn,2020年1月,51617
cn,2020年2月,50216
cn,2020年3月,50961
cn,2020年4月,52061
cn,2020年5月,50875
cn,2020年6月,50787
cn,2020年7月,50533
cn,2020年8月,51308
cn,2020年9月,51319
cn,2020年10月,51389
cn,2020年11月,51838
cn,2020年12月,51518
cn,2021年1月,51206
cn,2021年2月,50197
cn,2021年3月,48447
cn,2021年4月,46780
cn,2021年5月,43516
cn,2021年6月,43299
cn,2021年7月,37558
cn,2021年8月,39504
cn,2021年9月,42301
cn,2021年10月,43562
cn,2021年11月,46571
cn,2021年12月,50141
cn,2022年1月,43520
cn,2022年2月,47496
cn,2022年3月,50421
cn,2022年4月,52057
cn,2022年5月,50888
cn,2022年6月,50762
cn,2022年7月,51075
cn,2022年8月,49232
cn,2022年9月,48343
cn,2022年10月,49236
cn,2022年11月,51654
cn,2022年12月,54929
cn,2023年1月,55522
cn,2023年2月,54976
cn,2023年3月,53919
cn,2023年4月,52868
cn,2023年5月,52161
cn,2023年6月,52838
cn,2023年7月,53843
cn,2023年8月,55298
cn,2023年9月,53928
gz,2015年1月,17328
gz,2015年2月,17331
gz,2015年3月,17344
gz,2015年4月,17243
gz,2015年5月,16897
gz,2015年6月,16890
gz,2015年7月,17003
gz,2015年8月,16735
gz,2015年9月,17005
gz,2015年10月,17071
gz,2015年11月,17100
gz,2015年12月,17320
gz,2016年1月,17479
gz,2016年2月,17568
gz,2016年3月,17971
gz,2016年4月,18235
gz,2016年5月,19018
gz,2016年6月,18842
gz,2016年7月,18941
gz,2016年8月,19433
gz,2016年9月,19730
gz,2016年10月,20428
gz,2016年11月,20553
gz,2016年12月,21302
gz,2017年1月,21618
gz,2017年2月,21739
gz,2017年3月,23231
gz,2017年4月,24307
gz,2017年5月,24948
gz,2017年6月,29959
gz,2017年7月,29672
gz,2017年8月,30271
gz,2017年9月,30677
gz,2017年10月,30503
gz,2017年11月,30898
gz,2017年12月,30449
gz,2018年1月,30622
gz,2018年2月,31048
gz,2018年3月,32124
gz,2018年4月,31813
gz,2018年5月,32424
gz,2018年6月,31210
gz,2018年7月,31011
gz,2018年8月,32369
gz,2018年9月,32104
gz,2018年10月,30488
gz,2018年11月,30086
gz,2018年12月,30102
gz,2019年1月,29589
gz,2019年2月,29420
gz,2019年3月,29274
gz,2019年4月,29755
gz,2019年5月,30129
gz,2019年6月,30255
gz,2019年7月,31010
gz,2019年8月,29809
gz,2019年9月,30064
gz,2019年10月,31132
gz,2019年11月,31285
gz,2019年12月,31735
gz,2020年1月,32191
gz,2020年2月,32511
gz,2020年3月,32211
gz,2020年4月,31772
gz,2020年5月,32195
gz,2020年6月,31955
gz,2020年7月,32348
gz,2020年8月,32179
gz,2020年9月,31821
gz,2020年10月,31645
gz,2020年11月,31516
gz,2020年12月,31948
gz,2021年1月,31493
gz,2021年2月,31610
gz,2021年3月,31760
gz,2021年4月,31615
gz,2021年5月,31383
gz,2021年6月,31226
gz,2021年7月,33427
gz,2021年8月,34677
gz,2021年9月,33838
gz,2021年10月,33489
gz,2021年11月,33462
gz,2021年12月,33542
gz,2022年1月,33388
gz,2022年2月,33500
gz,2022年3月,33538
gz,2022年4月,33136
gz,2022年5月,33027
gz,2022年6月,33264
gz,2022年7月,34184
gz,2022年8月,34710
gz,2022年9月,34341
gz,2022年10月,34183
gz,2022年11月,34449
gz,2022年12月,34739
gz,2023年1月,34785
gz,2023年2月,35021
gz,2023年3月,35048
gz,2023年4月,35240
gz,2023年5月,35495
gz,2023年6月,35391
gz,2023年7月,35831
gz,2023年8月,35607
gz,2023年9月,35302
sz,2015年1月,27183
sz,2015年2月,28559
sz,2015年3月,29923
sz,2015年4月,30576
sz,2015年5月,31771
sz,2015年6月,33505
sz,2015年7月,36922
sz,2015年8月,36623
sz,2015年9月,34422
sz,2015年10月,35747
sz,2015年11月,36410
sz,2015年12月,37458
sz,2016年1月,39677
sz,2016年2月,40961
sz,2016年3月,42945
sz,2016年4月,44335
sz,2016年5月,43565
sz,2016年6月,44211
sz,2016年7月,44714
sz,2016年8月,49646
sz,2016年9月,49357
sz,2016年10月,49543
sz,2016年11月,49658
sz,2016年12月,47746
sz,2017年1月,47307
sz,2017年2月,47840
sz,2017年3月,47876
sz,2017年4月,49613
sz,2017年5月,51356
sz,2017年6月,56460
sz,2017年7月,54905
sz,2017年8月,53003
sz,2017年9月,51806
sz,2017年10月,51419
sz,2017年11月,51952
sz,2017年12月,50196
sz,2018年1月,48049
sz,2018年2月,45803
sz,2018年3月,45072
sz,2018年4月,44913
sz,2018年5月,45959
sz,2018年6月,45730
sz,2018年7月,47486
sz,2018年8月,48661
sz,2018年9月,50150
sz,2018年10月,49110
sz,2018年11月,46347
sz,2018年12月,47605
sz,2019年1月,47385
sz,2019年2月,50871
sz,2019年3月,46551
sz,2019年4月,47298
sz,2019年5月,50764
sz,2019年6月,51811
sz,2019年7月,50276
sz,2019年8月,48780
sz,2019年9月,49930
sz,2019年10月,50219
sz,2019年11月,49849
sz,2019年12月,49099
sz,2020年1月,48783
sz,2020年2月,47561
sz,2020年3月,48292
sz,2020年4月,46440
sz,2020年5月,48271
sz,2020年6月,45294
sz,2020年7月,45623
sz,2020年8月,43561
sz,2020年9月,42967
sz,2020年10月,45335
sz,2020年11月,46158
sz,2020年12月,46578
sz,2021年1月,47100
sz,2021年2月,49261
sz,2021年3月,47300
sz,2021年4月,43063
sz,2021年5月,41300
sz,2021年6月,42837
sz,2021年7月,43351
sz,2021年8月,45516
sz,2021年9月,48013
sz,2021年10月,47296
sz,2021年11月,50070
sz,2021年12月,51630
sz,2022年1月,53002
sz,2022年2月,54083
sz,2022年3月,53192
sz,2022年4月,51360
sz,2022年5月,52525
sz,2022年6月,52816
sz,2022年7月,52805
sz,2022年8月,58858
sz,2022年9月,61172
sz,2022年10月,60617
sz,2022年11月,60360
sz,2022年12月,63257
sz,2023年1月,63677
sz,2023年2月,62052
sz,2023年3月,60134
sz,2023年4月,60174
sz,2023年5月,59269
sz,2023年6月,59569
sz,2023年7月,59162
sz,2023年8月,59141
sz,2023年9月,60397
jl,2015年1月,4920
jl,2015年2月,4920
jl,2015年3月,4920
jl,2015年4月,4920
jl,2015年5月,4920
jl,2015年6月,4920
jl,2015年7月,4920
jl,2015年8月,4920
jl,2015年9月,4920
jl,2015年10月,4920
jl,2015年11月,4920
jl,2015年12月,4920
jl,2016年1月,4920
jl,2016年2月,4920
jl,2016年3月,4920
jl,2016年4月,4920
jl,2016年5月,4920
jl,2016年6月,4920
jl,2016年7月,4920
jl,2016年8月,4920
jl,2016年9月,4920
jl,2016年10月,4920
jl,2016年11月,4920
jl,2016年12月,4769
jl,2017年1月,4769
jl,2017年2月,4769
jl,2017年3月,4769
jl,2017年4月,4906
jl,2017年5月,4906
jl,2017年6月,4915
jl,2017年7月,5125
jl,2017年8月,5137
jl,2017年9月,5285
jl,2017年10月,5285
jl,2017年11月,5383
jl,2017年12月,5422
jl,2018年1月,5576
jl,2018年2月,5576
jl,2018年3月,5733
jl,2018年4月,5586
jl,2018年5月,5825
jl,2018年6月,6640
jl,2018年7月,6783
jl,2018年8月,6848
jl,2018年9月,6246
jl,2018年10月,6767
jl,2018年11月,6801
jl,2018年12月,6819
jl,2019年1月,6855
jl,2019年2月,6855
jl,2019年3月,6928
jl,2019年4月,6805
jl,2019年5月,6845
jl,2019年6月,6864
jl,2019年7月,6942
jl,2019年8月,6942
jl,2019年9月,6972
jl,2019年10月,6989
jl,2019年11月,6944
jl,2019年12月,6958
jl,2020年1月,6919
jl,2020年2月,6968
jl,2020年3月,6954
jl,2020年4月,6954
jl,2020年5月,6908
jl,2020年6月,7181
jl,2020年7月,7082
jl,2020年8月,7172
jl,2020年9月,7095
jl,2020年10月,7205
jl,2020年11月,7205
jl,2020年12月,7186
jl,2021年1月,7134
jl,2021年2月,7151
jl,2021年3月,7200
jl,2021年4月,7229
jl,2021年5月,7244
jl,2021年6月,7211
jl,2021年7月,7193
jl,2021年8月,7466
jl,2021年9月,7435
jl,2021年10月,7435
jl,2021年11月,7317
jl,2021年12月,7323
jl,2022年1月,7423
jl,2022年2月,7229
jl,2022年3月,7104
jl,2022年4月,7104
jl,2022年5月,7104
jl,2022年6月,7046
jl,2022年7月,7079
jl,2022年8月,7034
jl,2022年9月,7034
jl,2022年10月,7110
jl,2022年11月,7110
jl,2022年12月,7110
jl,2023年1月,7110
jl,2023年2月,7077
jl,2023年3月,7077
jl,2023年4月,7077
jl,2023年5月,7077
jl,2023年6月,7077
jl,2023年7月,7077
jl,2023年8月,7059
jl,2023年9月,7078
sy,2015年1月,6741
sy,2015年2月,6741
sy,2015年3月,6741
sy,2015年4月,6741
sy,2015年5月,6746
sy,2015年6月,6746
sy,2015年7月,6746
sy,2015年8月,6746
sy,2015年9月,6739
sy,2015年10月,6738
sy,2015年11月,6744
sy,2015年12月,6727
sy,2016年1月,6757
sy,2016年2月,6759
sy,2016年3月,6785
sy,2016年4月,6802
sy,2016年5月,6867
sy,2016年6月,6900
sy,2016年7月,6906
sy,2016年8月,6887
sy,2016年9月,6963
sy,2016年10月,7036
sy,2016年11月,7049
sy,2016年12月,7117
sy,2017年1月,7129
sy,2017年2月,7230
sy,2017年3月,7333
sy,2017年4月,7466
sy,2017年5月,7727
sy,2017年6月,7881
sy,2017年7月,8195
sy,2017年8月,8544
sy,2017年9月,8853
sy,2017年10月,8861
sy,2017年11月,8820
sy,2017年12月,9393
sy,2018年1月,9608
sy,2018年2月,9598
sy,2018年3月,9575
sy,2018年4月,9443
sy,2018年5月,9207
sy,2018年6月,9288
sy,2018年7月,9956
sy,2018年8月,10133
sy,2018年9月,10281
sy,2018年10月,10355
sy,2018年11月,10510
sy,2018年12月,10470
sy,2019年1月,10491
sy,2019年2月,10514
sy,2019年3月,10600
sy,2019年4月,10775
sy,2019年5月,10762
sy,2019年6月,10835
sy,2019年7月,11087
sy,2019年8月,11299
sy,2019年9月,11338
sy,2019年10月,11408
sy,2019年11月,11830
sy,2019年12月,11779
sy,2020年1月,11713
sy,2020年2月,11817
sy,2020年3月,11664
sy,2020年4月,11792
sy,2020年5月,12390
sy,2020年6月,12413
sy,2020年7月,12396
sy,2020年8月,12321
sy,2020年9月,12609
sy,2020年10月,12642
sy,2020年11月,13181
sy,2020年12月,13286
sy,2021年1月,12918
sy,2021年2月,13017
sy,2021年3月,13354
sy,2021年4月,13136
sy,2021年5月,13121
sy,2021年6月,13880
sy,2021年7月,13744
sy,2021年8月,13566
sy,2021年9月,13482
sy,2021年10月,13432
sy,2021年11月,13759
sy,2021年12月,13757
sy,2022年1月,13669
sy,2022年2月,13704
sy,2022年3月,13677
sy,2022年4月,13521
sy,2022年5月,13481
sy,2022年6月,13560
sy,2022年7月,13457
sy,2022年8月,13391
sy,2022年9月,13314
sy,2022年10月,13305
sy,2022年11月,13107
sy,2022年12月,13128
sy,2023年1月,12980
sy,2023年2月,13092
sy,2023年3月,12958
sy,2023年4月,13125
sy,2023年5月,13034
sy,2023年6月,12799
sy,2023年7月,12720
sy,2023年8月,12572
sy,2023年9月,12910
bt,2015年1月,7033
bt,2015年2月,7033
bt,2015年3月,7033
bt,2015年4月,7033
bt,2015年5月,7033
bt,2015年6月,7033
bt,2015年7月,7033
bt,2015年8月,7033
bt,2015年9月,7033
bt,2015年10月,7033
bt,2015年11月,7033
bt,2015年12月,7033
bt,2016年1月,7033
bt,2016年2月,7033
bt,2016年3月,5721
bt,2016年4月,5714
bt,2016年5月,5522
bt,2016年6月,5506
bt,2016年7月,5577
bt,2016年8月,5633
bt,2016年9月,5630
bt,2016年10月,5633
bt,2016年11月,5644
bt,2016年12月,5691
bt,2017年1月,5712
bt,2017年2月,5716
bt,2017年3月,5798
bt,2017年4月,5793
bt,2017年5月,5832
bt,2017年6月,6130
bt,2017年7月,6123
bt,2017年8月,6259
bt,2017年9月,6305
bt,2017年10月,6352
bt,2017年11月,6278
bt,2017年12月,6435
bt,2018年1月,6447
bt,2018年2月,6385
bt,2018年3月,6576
bt,2018年4月,6586
bt,2018年5月,6895
bt,2018年6月,6602
bt,2018年7月,6649
bt,2018年8月,6671
bt,2018年9月,6637
bt,2018年10月,6694
bt,2018年11月,6746
bt,2018年12月,6714
bt,2019年1月,6763
bt,2019年2月,6965
bt,2019年3月,7118
bt,2019年4月,7096
bt,2019年5月,7239
bt,2019年6月,7323
bt,2019年7月,7334
bt,2019年8月,7356
bt,2019年9月,7458
bt,2019年10月,7490
bt,2019年11月,7444
bt,2019年12月,7390
bt,2020年1月,7353
bt,2020年2月,7355
bt,2020年3月,7162
bt,2020年4月,7185
bt,2020年5月,7319
bt,2020年6月,7416
bt,2020年7月,7496
bt,2020年8月,7543
bt,2020年9月,7461
bt,2020年10月,7330
bt,2020年11月,7318
bt,2020年12月,7349
bt,2021年1月,7436
bt,2021年2月,7475
bt,2021年3月,7439
bt,2021年4月,7357
bt,2021年5月,7443
bt,2021年6月,7567
bt,2021年7月,7535
bt,2021年8月,7492
bt,2021年9月,7471
bt,2021年10月,7352
bt,2021年11月,7359
bt,2021年12月,7382
bt,2022年1月,7378
bt,2022年2月,7419
bt,2022年3月,7417
bt,2022年4月,7416
bt,2022年5月,7416
bt,2022年6月,7416
bt,2022年7月,7416
bt,2022年8月,7416
bt,2022年9月,7416
bt,2022年10月,7416
bt,2022年11月,7416
bt,2022年12月,7416
bt,2023年1月,7416
bt,2023年2月,7415
bt,2023年3月,7401
bt,2023年4月,7377
bt,2023年5月,7377
bt,2023年6月,7377
bt,2023年7月,7421
bt,2023年8月,7385
bt,2023年9月,7396
sjz,2015年1月,6498
sjz,2015年2月,6498
sjz,2015年3月,6498
sjz,2015年4月,6498
sjz,2015年5月,6499
sjz,2015年6月,6532
sjz,2015年7月,6525
sjz,2015年8月,6510
sjz,2015年9月,6510
sjz,2015年10月,6510
sjz,2015年11月,6510
sjz,2015年12月,6394
sjz,2016年1月,6545
sjz,2016年2月,6590
sjz,2016年3月,6691
sjz,2016年4月,6809
sjz,2016年5月,7066
sjz,2016年6月,7244
sjz,2016年7月,7423
sjz,2016年8月,7798
sjz,2016年9月,8367
sjz,2016年10月,8663
sjz,2016年11月,8760
sjz,2016年12月,9072
sjz,2017年1月,9097
sjz,2017年2月,9249
sjz,2017年3月,9544
sjz,2017年4月,9908
sjz,2017年5月,10058
sjz,2017年6月,15177
sjz,2017年7月,15208
sjz,2017年8月,15789
sjz,2017年9月,15758
sjz,2017年10月,15555
sjz,2017年11月,15010
sjz,2017年12月,15299
sjz,2018年1月,15682
sjz,2018年2月,15830
sjz,2018年3月,15803
sjz,2018年4月,15085
sjz,2018年5月,16127
sjz,2018年6月,16468
sjz,2018年7月,16092
sjz,2018年8月,16289
sjz,2018年9月,16079
sjz,2018年10月,15924
sjz,2018年11月,15781
sjz,2018年12月,15322
sjz,2019年1月,15204
sjz,2019年2月,15138
sjz,2019年3月,15014
sjz,2019年4月,15307
sjz,2019年5月,15517
sjz,2019年6月,15882
sjz,2019年7月,15684
sjz,2019年8月,15773
sjz,2019年9月,15847
sjz,2019年10月,15700
sjz,2019年11月,15337
sjz,2019年12月,15377
sjz,2020年1月,15589
sjz,2020年2月,15533
sjz,2020年3月,15259
sjz,2020年4月,15217
sjz,2020年5月,15145
sjz,2020年6月,15106
sjz,2020年7月,15070
sjz,2020年8月,15148
sjz,2020年9月,15347
sjz,2020年10月,15489
sjz,2020年11月,15425
sjz,2020年12月,15331
sjz,2021年1月,15250
sjz,2021年2月,15348
sjz,2021年3月,15314
sjz,2021年4月,15339
sjz,2021年5月,15288
sjz,2021年6月,15051
sjz,2021年7月,14817
sjz,2021年8月,14781
sjz,2021年9月,14862
sjz,2021年10月,14910
sjz,2021年11月,14808
sjz,2021年12月,14989
sjz,2022年1月,15039
sjz,2022年2月,15128
sjz,2022年3月,15051
sjz,2022年4月,15024
sjz,2022年5月,14989
sjz,2022年6月,14912
sjz,2022年7月,14839
sjz,2022年8月,14891
sjz,2022年9月,14825
sjz,2022年10月,14733
sjz,2022年11月,14701
sjz,2022年12月,14726
sjz,2023年1月,14732
sjz,2023年2月,14765
sjz,2023年3月,14734
sjz,2023年4月,14760
sjz,2023年5月,14634
sjz,2023年6月,14564
sjz,2023年7月,14633
sjz,2023年8月,14680
sjz,2023年9月,14687
xj,2015年1月,6975
xj,2015年2月,6975
xj,2015年3月,6975
xj,2015年4月,6975
xj,2015年5月,6977
xj,2015年6月,6975
xj,2015年7月,6975
xj,2015年8月,6975
xj,2015年9月,6975
xj,2015年10月,6975
xj,2015年11月,6975
xj,2015年12月,6975
xj,2016年1月,6975
xj,2016年2月,6975
xj,2016年3月,6975
xj,2016年4月,6975
xj,2016年5月,6975
xj,2016年6月,6975
xj,2016年7月,6975
xj,2016年8月,6975
xj,2016年9月,6975
xj,2016年10月,6975
xj,2016年11月,6975
xj,2016年12月,6611
xj,2017年1月,6611
xj,2017年2月,6611
xj,2017年3月,6602
xj,2017年4月,7406
xj,2017年5月,7398
xj,2017年6月,7443
xj,2017年7月,7109
xj,2017年8月,7212
xj,2017年9月,7435
xj,2017年10月,7451
xj,2017年11月,7457
xj,2017年12月,8347
xj,2018年1月,8479
xj,2018年2月,8564
xj,2018年3月,8953
xj,2018年4月,9130
xj,2018年5月,9150
xj,2018年6月,9127
xj,2018年7月,9128
xj,2018年8月,8983
xj,2018年9月,8764
xj,2018年10月,8845
xj,2018年11月,9011
xj,2018年12月,9215
xj,2019年1月,9366
xj,2019年2月,9382
xj,2019年3月,9344
xj,2019年4月,9339
xj,2019年5月,9401
xj,2019年6月,9520
xj,2019年7月,9431
xj,2019年8月,9443
xj,2019年9月,9424
xj,2019年10月,9497
xj,2019年11月,9555
xj,2019年12月,9540
xj,2020年1月,9565
xj,2020年2月,9407
xj,2020年3月,9341
xj,2020年4月,9328
xj,2020年5月,9275
xj,2020年6月,9392
xj,2020年7月,9431
xj,2020年8月,9418
xj,2020年9月,9378
xj,2020年10月,9398
xj,2020年11月,9474
xj,2020年12月,9491
xj,2021年1月,9373
xj,2021年2月,9404
xj,2021年3月,9286
xj,2021年4月,9275
xj,2021年5月,9249
xj,2021年6月,9190
xj,2021年7月,9306
xj,2021年8月,9019
xj,2021年9月,9021
xj,2021年10月,8927
xj,2021年11月,8841
xj,2021年12月,8842
xj,2022年1月,8838
xj,2022年2月,8835
xj,2022年3月,8900
xj,2022年4月,8891
xj,2022年5月,8883
xj,2022年6月,8954
xj,2022年7月,8918
xj,2022年8月,8866
xj,2022年9月,8861
xj,2022年10月,8856
xj,2022年11月,8850
xj,2022年12月,8854
xj,2023年1月,8895
xj,2023年2月,8900
xj,2023年3月,8835
xj,2023年4月,8842
xj,2023年5月,8858
xj,2023年6月,8848
xj,2023年7月,8777
xj,2023年8月,8747
xj,2023年9月,8837
lz,2015年1月,8224
lz,2015年2月,8224
lz,2015年3月,8224
lz,2015年4月,8224
lz,2015年5月,8207
lz,2015年6月,8207
lz,2015年7月,8207
lz,2015年8月,8207
lz,2015年9月,8207
lz,2015年10月,8207
lz,2015年11月,8216
lz,2015年12月,8341
lz,2016年1月,8139
lz,2016年2月,8139
lz,2016年3月,8139
lz,2016年4月,8139
lz,2016年5月,8029
lz,2016年6月,8247
lz,2016年7月,8276
lz,2016年8月,8339
lz,2016年9月,8328
lz,2016年10月,8397
lz,2016年11月,8096
lz,2016年12月,8213
lz,2017年1月,8199
lz,2017年2月,8308
lz,2017年3月,8459
lz,2017年4月,8674
lz,2017年5月,8704
lz,2017年6月,9121
lz,2017年7月,9040
lz,2017年8月,9149
lz,2017年9月,9375
lz,2017年10月,9423
lz,2017年11月,9283
lz,2017年12月,9574
lz,2018年1月,9877
lz,2018年2月,9867
lz,2018年3月,10110
lz,2018年4月,10215
lz,2018年5月,10184
lz,2018年6月,9949
lz,2018年7月,10057
lz,2018年8月,10411
lz,2018年9月,10292
lz,2018年10月,9914
lz,2018年11月,9832
lz,2018年12月,9850
lz,2019年1月,9728
lz,2019年2月,10196
lz,2019年3月,9885
lz,2019年4月,9685
lz,2019年5月,9630
lz,2019年6月,9401
lz,2019年7月,8926
lz,2019年8月,8895
lz,2019年9月,9064
lz,2019年10月,9269
lz,2019年11月,9208
lz,2019年12月,9416
lz,2020年1月,9565
lz,2020年2月,9439
lz,2020年3月,9347
lz,2020年4月,9354
lz,2020年5月,9583
lz,2020年6月,9772
lz,2020年7月,9964
lz,2020年8月,9959
lz,2020年9月,9954
lz,2020年10月,9888
lz,2020年11月,9832
lz,2020年12月,9943
lz,2021年1月,9931
lz,2021年2月,9889
lz,2021年3月,9742
lz,2021年4月,9768
lz,2021年5月,9791
lz,2021年6月,9619
lz,2021年7月,9556
lz,2021年8月,9533
lz,2021年9月,9459
lz,2021年10月,9430
lz,2021年11月,9372
lz,2021年12月,9285
lz,2022年1月,9297
lz,2022年2月,9255
lz,2022年3月,9191
lz,2022年4月,9257
lz,2022年5月,9270
lz,2022年6月,9164
lz,2022年7月,9181
lz,2022年8月,9058
lz,2022年9月,8970
lz,2022年10月,8903
lz,2022年11月,8863
lz,2022年12月,8880
lz,2023年1月,8831
lz,2023年2月,8802
lz,2023年3月,8794
lz,2023年4月,8770
lz,2023年5月,8759
lz,2023年6月,8816
lz,2023年7月,8869
lz,2023年8月,8786
lz,2023年9月,8803
xn,2015年1月,5319
xn,2015年2月,5319
xn,2015年3月,5319
xn,2015年4月,5319
xn,2015年5月,5319
xn,2015年6月,5319
xn,2015年7月,5319
xn,2015年8月,5332
xn,2015年9月,5332
xn,2015年10月,5332
xn,2015年11月,5332
xn,2015年12月,5267
xn,2016年1月,5267
xn,2016年2月,5267
xn,2016年3月,5267
xn,2016年4月,5267
xn,2016年5月,5267
xn,2016年6月,5267
xn,2016年7月,5267
xn,2016年8月,5267
xn,2016年9月,5267
xn,2016年10月,5267
xn,2016年11月,5797
xn,2016年12月,5808
xn,2017年1月,5808
xn,2017年2月,5825
xn,2017年3月,5825
xn,2017年4月,5183
xn,2017年5月,5262
xn,2017年6月,5262
xn,2017年7月,5270
xn,2017年8月,5758
xn,2017年9月,5731
xn,2017年10月,5770
xn,2017年11月,5881
xn,2017年12月,5940
xn,2018年1月,5940
xn,2018年2月,6108
xn,2018年3月,6108
xn,2018年4月,6233
xn,2018年5月,6253
xn,2018年6月,6598
xn,2018年7月,6552
xn,2018年8月,6647
xn,2018年9月,6814
xn,2018年10月,7523
xn,2018年11月,7393
xn,2018年12月,8008
xn,2019年1月,8008
xn,2019年2月,8049
xn,2019年3月,8447
xn,2019年4月,8285
xn,2019年5月,8464
xn,2019年6月,9213
xn,2019年7月,9050
xn,2019年8月,8894
xn,2019年9月,9207
xn,2019年10月,9450
xn,2019年11月,9680
xn,2019年12月,9650
xn,2020年1月,9664
xn,2020年2月,9403
xn,2020年3月,9342
xn,2020年4月,9345
xn,2020年5月,9598
xn,2020年6月,9669
xn,2020年7月,9761
xn,2020年8月,9713
xn,2020年9月,9699
xn,2020年10月,9652
xn,2020年11月,9571
xn,2020年12月,9451
xn,2021年1月,9388
xn,2021年2月,9544
xn,2021年3月,9763
xn,2021年4月,9989
xn,2021年5月,9987
xn,2021年6月,9740
xn,2021年7月,9913
xn,2021年8月,9825
xn,2021年9月,9715
xn,2021年10月,9645
xn,2021年11月,9896
xn,2021年12月,9862
xn,2022年1月,9842
xn,2022年2月,9814
xn,2022年3月,10405
xn,2022年4月,10348
xn,2022年5月,10408
xn,2022年6月,10456
xn,2022年7月,10260
xn,2022年8月,10123
xn,2022年9月,10094
xn,2022年10月,10041
xn,2022年11月,10041
xn,2022年12月,10087
xn,2023年1月,10076
xn,2023年2月,10066
xn,2023年3月,10086
xn,2023年4月,10086
xn,2023年5月,10104
xn,2023年6月,9951
xn,2023年7月,10025
xn,2023年8月,9936
xn,2023年9月,10041
xa,2015年1月,6752
xa,2015年2月,6790
xa,2015年3月,6736
xa,2015年4月,6746
xa,2015年5月,6754
xa,2015年6月,6725
xa,2015年7月,6897
xa,2015年8月,6574
xa,2015年9月,6519
xa,2015年10月,6526
xa,2015年11月,6529
xa,2015年12月,6507
xa,2016年1月,6521
xa,2016年2月,6507
xa,2016年3月,6499
xa,2016年4月,6503
xa,2016年5月,6577
xa,2016年6月,6621
xa,2016年7月,6622
xa,2016年8月,6647
xa,2016年9月,6769
xa,2016年10月,7167
xa,2016年11月,6910
xa,2016年12月,6969
xa,2017年1月,6970
xa,2017年2月,7002
xa,2017年3月,7227
xa,2017年4月,7505
xa,2017年5月,7886
xa,2017年6月,8926
xa,2017年7月,9084
xa,2017年8月,9674
xa,2017年9月,10073
xa,2017年10月,10090
xa,2017年11月,10285
xa,2017年12月,10444
xa,2018年1月,10584
xa,2018年2月,10676
xa,2018年3月,11245
xa,2018年4月,11525
xa,2018年5月,11098
xa,2018年6月,11187
xa,2018年7月,11518
xa,2018年8月,11155
xa,2018年9月,11266
xa,2018年10月,10995
xa,2018年11月,11248
xa,2018年12月,11586
xa,2019年1月,11596
xa,2019年2月,11817
xa,2019年3月,11553
xa,2019年4月,11882
xa,2019年5月,11970
xa,2019年6月,12563
xa,2019年7月,12447
xa,2019年8月,12380
xa,2019年9月,12298
xa,2019年10月,12099
xa,2019年11月,12300
xa,2019年12月,12382
xa,2020年1月,12602
xa,2020年2月,12414
xa,2020年3月,12661
xa,2020年4月,12563
xa,2020年5月,12828
xa,2020年6月,12904
xa,2020年7月,12876
xa,2020年8月,12776
xa,2020年9月,13073
xa,2020年10月,13344
xa,2020年11月,13508
xa,2020年12月,13588
xa,2021年1月,13658
xa,2021年2月,14143
xa,2021年3月,14243
xa,2021年4月,14292
xa,2021年5月,15146
xa,2021年6月,14088
xa,2021年7月,14514
xa,2021年8月,14602
xa,2021年9月,14848
xa,2021年10月,14966
xa,2021年11月,15224
xa,2021年12月,15302
xa,2022年1月,15411
xa,2022年2月,15526
xa,2022年3月,15360
xa,2022年4月,15354
xa,2022年5月,15314
xa,2022年6月,15445
xa,2022年7月,15822
xa,2022年8月,15892
xa,2022年9月,15877
xa,2022年10月,15779
xa,2022年11月,16083
xa,2022年12月,16075
xa,2023年1月,16035
xa,2023年2月,15960
xa,2023年3月,15982
xa,2023年4月,15900
xa,2023年5月,15948
xa,2023年6月,16032
xa,2023年7月,16209
xa,2023年8月,16202
xa,2023年9月,16033
ty,2015年1月,7404
ty,2015年2月,7404
ty,2015年3月,7404
ty,2015年4月,7404
ty,2015年5月,7397
ty,2015年6月,7397
ty,2015年7月,7397
ty,2015年8月,7406
ty,2015年9月,7406
ty,2015年10月,7406
ty,2015年11月,7406
ty,2015年12月,7419
ty,2016年1月,7419
ty,2016年2月,7419
ty,2016年3月,7419
ty,2016年4月,7419
ty,2016年5月,7419
ty,2016年6月,7419
ty,2016年7月,7419
ty,2016年8月,7419
ty,2016年9月,7419
ty,2016年10月,7419
ty,2016年11月,7419
ty,2016年12月,7419
ty,2017年1月,7419
ty,2017年2月,8239
ty,2017年3月,8380
ty,2017年4月,8863
ty,2017年5月,8974
ty,2017年6月,9196
ty,2017年7月,9226
ty,2017年8月,9571
ty,2017年9月,9745
ty,2017年10月,9782
ty,2017年11月,9945
ty,2017年12月,10286
ty,2018年1月,10191
ty,2018年2月,10401
ty,2018年3月,10595
ty,2018年4月,11255
ty,2018年5月,11504
ty,2018年6月,12442
ty,2018年7月,12208
ty,2018年8月,13662
ty,2018年9月,13563
ty,2018年10月,13530
ty,2018年11月,13415
ty,2018年12月,13222
ty,2019年1月,12608
ty,2019年2月,12490
ty,2019年3月,12519
ty,2019年4月,12349
ty,2019年5月,12315
ty,2019年6月,12182
ty,2019年7月,12182
ty,2019年8月,12186
ty,2019年9月,12131
ty,2019年10月,12077
ty,2019年11月,11838
ty,2019年12月,11731
ty,2020年1月,11574
ty,2020年2月,11563
ty,2020年3月,11571
ty,2020年4月,11545
ty,2020年5月,11504
ty,2020年6月,11459
ty,2020年7月,11379
ty,2020年8月,11448
ty,2020年9月,11448
ty,2020年10月,11399
ty,2020年11月,11468
ty,2020年12月,11354
ty,2021年1月,11325
ty,2021年2月,11361
ty,2021年3月,11328
ty,2021年4月,11271
ty,2021年5月,11332
ty,2021年6月,11325
ty,2021年7月,11479
ty,2021年8月,11072
ty,2021年9月,11045
ty,2021年10月,11036
ty,2021年11月,10985
ty,2021年12月,10968
ty,2022年1月,10840
ty,2022年2月,10795
ty,2022年3月,10742
ty,2022年4月,10617
ty,2022年5月,10580
ty,2022年6月,10607
ty,2022年7月,10676
ty,2022年8月,10756
ty,2022年9月,10779
ty,2022年10月,10702
ty,2022年11月,10647
ty,2022年12月,10672
ty,2023年1月,10689
ty,2023年2月,10692
ty,2023年3月,10583
ty,2023年4月,10550
ty,2023年5月,10530
ty,2023年6月,10557
ty,2023年7月,10546
ty,2023年8月,10548
ty,2023年9月,10586
tj,2015年1月,10572
tj,2015年2月,10889
tj,2015年3月,10830
tj,2015年4月,10773
tj,2015年5月,10907
tj,2015年6月,10726
tj,2015年7月,10751
tj,2015年8月,10757
tj,2015年9月,10885
tj,2015年10月,11119
tj,2015年11月,10945
tj,2015年12月,11026
tj,2016年1月,11142
tj,2016年2月,11227
tj,2016年3月,11724
tj,2016年4月,12137
tj,2016年5月,12932
tj,2016年6月,13157
tj,2016年7月,15344
tj,2016年8月,14215
tj,2016年9月,14774
tj,2016年10月,15318
tj,2016年11月,15645
tj,2016年12月,16244
tj,2017年1月,16129
tj,2017年2月,16514
tj,2017年3月,16737
tj,2017年4月,16861
tj,2017年5月,17161
tj,2017年6月,24306
tj,2017年7月,22262
tj,2017年8月,20153
tj,2017年9月,19525
tj,2017年10月,19143
tj,2017年11月,19728
tj,2017年12月,19833
tj,2018年1月,19891
tj,2018年2月,20052
tj,2018年3月,19813
tj,2018年4月,19777
tj,2018年5月,19868
tj,2018年6月,20049
tj,2018年7月,19812
tj,2018年8月,19671
tj,2018年9月,19435
tj,2018年10月,19349
tj,2018年11月,19551
tj,2018年12月,19681
tj,2019年1月,19444
tj,2019年2月,19365
tj,2019年3月,19429
tj,2019年4月,18904
tj,2019年5月,19112
tj,2019年6月,19120
tj,2019年7月,19163
tj,2019年8月,19220
tj,2019年9月,19644
tj,2019年10月,19726
tj,2019年11月,19303
tj,2019年12月,19377
tj,2020年1月,19180
tj,2020年2月,19174
tj,2020年3月,19053
tj,2020年4月,18905
tj,2020年5月,19022
tj,2020年6月,18949
tj,2020年7月,18547
tj,2020年8月,18106
tj,2020年9月,18099
tj,2020年10月,18023
tj,2020年11月,18233
tj,2020年12月,18292
tj,2021年1月,18276
tj,2021年2月,18267
tj,2021年3月,17971
tj,2021年4月,18557
tj,2021年5月,18582
tj,2021年6月,18817
tj,2021年7月,19016
tj,2021年8月,19745
tj,2021年9月,20058
tj,2021年10月,20075
tj,2021年11月,20030
tj,2021年12月,20027
tj,2022年1月,20221
tj,2022年2月,19918
tj,2022年3月,20110
tj,2022年4月,20636
tj,2022年5月,20563
tj,2022年6月,20492
tj,2022年7月,20287
tj,2022年8月,19935
tj,2022年9月,19973
tj,2022年10月,19927
tj,2022年11月,19924
tj,2022年12月,19816
tj,2023年1月,19755
tj,2023年2月,19571
tj,2023年3月,19466
tj,2023年4月,19510
tj,2023年5月,19694
tj,2023年6月,19887
tj,2023年7月,19915
tj,2023年8月,19771
tj,2023年9月,19696
jn,2015年1月,7621
jn,2015年2月,7756
jn,2015年3月,7770
jn,2015年4月,7939
jn,2015年5月,8106
jn,2015年6月,7939
jn,2015年7月,7863
jn,2015年8月,7914
jn,2015年9月,7887
jn,2015年10月,7989
jn,2015年11月,8150
jn,2015年12月,7831
jn,2016年1月,7806
jn,2016年2月,8060
jn,2016年3月,8080
jn,2016年4月,8644
jn,2016年5月,8714
jn,2016年6月,8818
jn,2016年7月,9058
jn,2016年8月,9441
jn,2016年9月,10101
jn,2016年10月,10566
jn,2016年11月,10779
jn,2016年12月,11001
jn,2017年1月,11036
jn,2017年2月,11240
jn,2017年3月,11757
jn,2017年4月,12276
jn,2017年5月,12708
jn,2017年6月,13781
jn,2017年7月,14786
jn,2017年8月,16012
jn,2017年9月,15686
jn,2017年10月,14837
jn,2017年11月,15719
jn,2017年12月,16268
jn,2018年1月,16439
jn,2018年2月,16373
jn,2018年3月,15791
jn,2018年4月,16232
jn,2018年5月,16672
jn,2018年6月,16905
jn,2018年7月,16628
jn,2018年8月,17384
jn,2018年9月,17213
jn,2018年10月,16861
jn,2018年11月,16268
jn,2018年12月,15906
jn,2019年1月,15747
jn,2019年2月,15902
jn,2019年3月,15686
jn,2019年4月,15812
jn,2019年5月,15854
jn,2019年6月,15802
jn,2019年7月,15575
jn,2019年8月,15448
jn,2019年9月,14936
jn,2019年10月,14780
jn,2019年11月,14629
jn,2019年12月,14619
jn,2020年1月,14696
jn,2020年2月,14645
jn,2020年3月,14491
jn,2020年4月,14478
jn,2020年5月,14562
jn,2020年6月,14567
jn,2020年7月,14366
jn,2020年8月,14513
jn,2020年9月,14573
jn,2020年10月,14614
jn,2020年11月,13790
jn,2020年12月,13538
jn,2021年1月,13431
jn,2021年2月,13393
jn,2021年3月,13340
jn,2021年4月,13553
jn,2021年5月,13291
jn,2021年6月,13755
jn,2021年7月,13745
jn,2021年8月,14285
jn,2021年9月,14318
jn,2021年10月,14299
jn,2021年11月,14336
jn,2021年12月,14121
jn,2022年1月,14062
jn,2022年2月,14239
jn,2022年3月,14321
jn,2022年4月,14291
jn,2022年5月,14625
jn,2022年6月,14633
jn,2022年7月,14483
jn,2022年8月,14546
jn,2022年9月,14404
jn,2022年10月,14387
jn,2022年11月,14146
jn,2022年12月,14111
jn,2023年1月,14017
jn,2023年2月,13925
jn,2023年3月,14019
jn,2023年4月,14066
jn,2023年5月,14192
jn,2023年6月,14310
jn,2023年7月,14006
jn,2023年8月,14085
jn,2023年9月,14077
zz,2015年1月,7988
zz,2015年2月,8106
zz,2015年3月,8237
zz,2015年4月,8262
zz,2015年5月,8169
zz,2015年6月,8122
zz,2015年7月,8198
zz,2015年8月,8119
zz,2015年9月,8074
zz,2015年10月,8080
zz,2015年11月,7946
zz,2015年12月,7932
zz,2016年1月,7979
zz,2016年2月,7989
zz,2016年3月,8118
zz,2016年4月,8205
zz,2016年5月,8296
zz,2016年6月,8390
zz,2016年7月,8524
zz,2016年8月,8971
zz,2016年9月,9796
zz,2016年10月,10283
zz,2016年11月,10636
zz,2016年12月,10900
zz,2017年1月,10938
zz,2017年2月,11135
zz,2017年3月,11310
zz,2017年4月,11405
zz,2017年5月,11414
zz,2017年6月,13358
zz,2017年7月,13269
zz,2017年8月,13201
zz,2017年9月,13532
zz,2017年10月,13435
zz,2017年11月,13151
zz,2017年12月,12995
zz,2018年1月,12976
zz,2018年2月,12983
zz,2018年3月,13204
zz,2018年4月,13443
zz,2018年5月,13796
zz,2018年6月,13855
zz,2018年7月,13787
zz,2018年8月,13772
zz,2018年9月,13923
zz,2018年10月,13867
zz,2018年11月,13737
zz,2018年12月,13914
zz,2019年1月,13906
zz,2019年2月,13933
zz,2019年3月,14043
zz,2019年4月,13914
zz,2019年5月,13836
zz,2019年6月,14058
zz,2019年7月,14050
zz,2019年8月,14208
zz,2019年9月,14008
zz,2019年10月,13970
zz,2019年11月,13968
zz,2019年12月,14084
zz,2020年1月,14116
zz,2020年2月,14096
zz,2020年3月,14015
zz,2020年4月,13957
zz,2020年5月,14041
zz,2020年6月,13850
zz,2020年7月,13775
zz,2020年8月,13959
zz,2020年9月,13922
zz,2020年10月,13887
zz,2020年11月,12806
zz,2020年12月,12930
zz,2021年1月,12962
zz,2021年2月,13220
zz,2021年3月,13072
zz,2021年4月,13221
zz,2021年5月,13034
zz,2021年6月,12570
zz,2021年7月,12436
zz,2021年8月,12986
zz,2021年9月,12987
zz,2021年10月,13302
zz,2021年11月,13089
zz,2021年12月,13029
zz,2022年1月,13040
zz,2022年2月,12876
zz,2022年3月,12755
zz,2022年4月,12683
zz,2022年5月,12761
zz,2022年6月,12672
zz,2022年7月,12536
zz,2022年8月,12558
zz,2022年9月,12615
zz,2022年10月,12547
zz,2022年11月,12593
zz,2022年12月,12241
zz,2023年1月,12247
zz,2023年2月,12303
zz,2023年3月,12346
zz,2023年4月,12473
zz,2023年5月,12264
zz,2023年6月,12118
zz,2023年7月,12177
zz,2023年8月,12220
zz,2023年9月,12268
cd,2015年1月,7332
cd,2015年2月,7453
cd,2015年3月,7526
cd,2015年4月,7497
cd,2015年5月,7597
cd,2015年6月,7062
cd,2015年7月,6999
cd,2015年8月,7008
cd,2015年9月,7087
cd,2015年10月,7166
cd,2015年11月,7160
cd,2015年12月,7193
cd,2016年1月,7207
cd,2016年2月,7212
cd,2016年3月,7226
cd,2016年4月,7188
cd,2016年5月,7326
cd,2016年6月,7340
cd,2016年7月,7401
cd,2016年8月,7479
cd,2016年9月,7778
cd,2016年10月,8332
cd,2016年11月,8462
cd,2016年12月,8770
cd,2017年1月,8845
cd,2017年2月,9169
cd,2017年3月,9716
cd,2017年4月,10160
cd,2017年5月,10602
cd,2017年6月,10571
cd,2017年7月,10460
cd,2017年8月,10816
cd,2017年9月,12612
cd,2017年10月,13236
cd,2017年11月,13251
cd,2017年12月,15799
cd,2018年1月,14416
cd,2018年2月,14694
cd,2018年3月,17261
cd,2018年4月,16243
cd,2018年5月,13702
cd,2018年6月,13472
cd,2018年7月,11548
cd,2018年8月,12496
cd,2018年9月,11462
cd,2018年10月,11308
cd,2018年11月,11245
cd,2018年12月,11184
cd,2019年1月,11429
cd,2019年2月,11752
cd,2019年3月,11736
cd,2019年4月,11196
cd,2019年5月,11568
cd,2019年6月,11357
cd,2019年7月,11104
cd,2019年8月,11275
cd,2019年9月,11882
cd,2019年10月,12052
cd,2019年11月,11962
cd,2019年12月,12109
cd,2020年1月,12092
cd,2020年2月,12394
cd,2020年3月,12148
cd,2020年4月,12099
cd,2020年5月,12353
cd,2020年6月,11927
cd,2020年7月,11943
cd,2020年8月,11847
cd,2020年9月,12470
cd,2020年10月,12870
cd,2020年11月,12773
cd,2020年12月,13177
cd,2021年1月,12862
cd,2021年2月,12740
cd,2021年3月,12676
cd,2021年4月,12826
cd,2021年5月,12695
cd,2021年6月,12827
cd,2021年7月,13588
cd,2021年8月,13403
cd,2021年9月,13913
cd,2021年10月,14384
cd,2021年11月,14438
cd,2021年12月,14501
cd,2022年1月,14387
cd,2022年2月,14313
cd,2022年3月,14743
cd,2022年4月,14614
cd,2022年5月,14606
cd,2022年6月,14785
cd,2022年7月,14696
cd,2022年8月,14768
cd,2022年9月,14766
cd,2022年10月,14861
cd,2022年11月,14957
cd,2022年12月,15451
cd,2023年1月,15598
cd,2023年2月,15851
cd,2023年3月,16163
cd,2023年4月,16448
cd,2023年5月,16305
cd,2023年6月,16683
cd,2023年7月,16731
cd,2023年8月,16712
cd,2023年9月,16311
lasa,2015年1月,5778
lasa,2015年2月,5778
lasa,2015年3月,5778
lasa,2015年4月,5778
lasa,2015年5月,5778
lasa,2015年6月,5778
lasa,2015年7月,5778
lasa,2015年8月,5778
lasa,2015年9月,5778
lasa,2015年10月,5778
lasa,2015年11月,5778
lasa,2015年12月,5778
lasa,2016年1月,5778
lasa,2016年2月,5778
lasa,2016年3月,5778
lasa,2016年4月,5778
lasa,2016年5月,5778
lasa,2016年6月,5778
lasa,2016年7月,5778
lasa,2016年8月,5778
lasa,2016年9月,5778
lasa,2016年10月,5778
lasa,2016年11月,5778
lasa,2016年12月,5778
lasa,2017年1月,5778
lasa,2017年2月,5778
lasa,2017年3月,5778
lasa,2017年4月,5778
lasa,2017年5月,5778
lasa,2017年6月,5778
lasa,2017年7月,5778
lasa,2017年8月,5778
lasa,2017年9月,5869
lasa,2017年10月,5788
lasa,2017年11月,5788
lasa,2017年12月,5788
lasa,2018年1月,5778
lasa,2018年2月,5778
lasa,2018年3月,5778
lasa,2018年4月,5778
lasa,2018年5月,5778
lasa,2018年6月,5778
lasa,2018年7月,5778
lasa,2018年8月,5778
lasa,2018年9月,5778
lasa,2018年10月,5778
lasa,2018年11月,5778
lasa,2018年12月,5778
lasa,2019年1月,6411
lasa,2019年2月,6411
lasa,2019年3月,6411
lasa,2019年4月,6411
lasa,2019年5月,6411
lasa,2019年6月,6411
lasa,2019年7月,6411
lasa,2019年8月,6411
lasa,2019年9月,6411
lasa,2019年10月,6411
lasa,2019年11月,6411
lasa,2019年12月,6411
lasa,2020年1月,8039
lasa,2020年2月,8039
lasa,2020年3月,8039
lasa,2020年4月,8039
lasa,2020年5月,8039
lasa,2020年6月,7788
lasa,2020年7月,12562
lasa,2020年8月,12562
lasa,2020年9月,12562
lasa,2020年10月,12065
lasa,2020年11月,12065
lasa,2020年12月,10858
lasa,2021年1月,10858
lasa,2021年2月,11523
lasa,2021年3月,10771
lasa,2021年4月,10771
lasa,2021年5月,10040
lasa,2021年6月,9974
lasa,2021年7月,9974
lasa,2021年8月,10152
lasa,2021年9月,10116
lasa,2021年10月,10162
lasa,2021年11月,10054
lasa,2021年12月,9892
lasa,2022年1月,9848
lasa,2022年2月,9848
lasa,2022年3月,9512
lasa,2022年4月,9481
lasa,2022年5月,8944
lasa,2022年6月,8684
lasa,2022年7月,8684
lasa,2022年8月,8593
lasa,2022年9月,8593
lasa,2022年10月,8593
lasa,2022年11月,8593
lasa,2022年12月,8582
lasa,2023年1月,8687
lasa,2023年2月,8687
lasa,2023年3月,8843
lasa,2023年4月,8829
lasa,2023年5月,8982
lasa,2023年6月,9029
lasa,2023年7月,9301
lasa,2023年8月,9251
lasa,2023年9月,8951
cq,2015年1月,7901
cq,2015年2月,7945
cq,2015年3月,7930
cq,2015年4月,7965
cq,2015年5月,7862
cq,2015年6月,7610
cq,2015年7月,7568
cq,2015年8月,7589
cq,2015年9月,7774
cq,2015年10月,7723
cq,2015年11月,7726
cq,2015年12月,7711
cq,2016年1月,7726
cq,2016年2月,7780
cq,2016年3月,7906
cq,2016年4月,7916
cq,2016年5月,8011
cq,2016年6月,8038
cq,2016年7月,8062
cq,2016年8月,8123
cq,2016年9月,8141
cq,2016年10月,8283
cq,2016年11月,8846
cq,2016年12月,9035
cq,2017年1月,9331
cq,2017年2月,9658
cq,2017年3月,10154
cq,2017年4月,10850
cq,2017年5月,11201
cq,2017年6月,11949
cq,2017年7月,10003
cq,2017年8月,10273
cq,2017年9月,12705
cq,2017年10月,12620
cq,2017年11月,12241
cq,2017年12月,11968
cq,2018年1月,10937
cq,2018年2月,10610
cq,2018年3月,10738
cq,2018年4月,12497
cq,2018年5月,11477
cq,2018年6月,13097
cq,2018年7月,13172
cq,2018年8月,13371
cq,2018年9月,14307
cq,2018年10月,13629
cq,2018年11月,12696
cq,2018年12月,12623
cq,2019年1月,12749
cq,2019年2月,12849
cq,2019年3月,12740
cq,2019年4月,12561
cq,2019年5月,13101
cq,2019年6月,13165
cq,2019年7月,12374
cq,2019年8月,12339
cq,2019年9月,12575
cq,2019年10月,12335
cq,2019年11月,12274
cq,2019年12月,12322
cq,2020年1月,12065
cq,2020年2月,11889
cq,2020年3月,11802
cq,2020年4月,11756
cq,2020年5月,11496
cq,2020年6月,11593
cq,2020年7月,11659
cq,2020年8月,11720
cq,2020年9月,11613
cq,2020年10月,11373
cq,2020年11月,11549
cq,2020年12月,11727
cq,2021年1月,12067
cq,2021年2月,12007
cq,2021年3月,11751
cq,2021年4月,11704
cq,2021年5月,11363
cq,2021年6月,11485
cq,2021年7月,12814
cq,2021年8月,11182
cq,2021年9月,11072
cq,2021年10月,11082
cq,2021年11月,10973
cq,2021年12月,11113
cq,2022年1月,11151
cq,2022年2月,11017
cq,2022年3月,10978
cq,2022年4月,11000
cq,2022年5月,10865
cq,2022年6月,10846
cq,2022年7月,10852
cq,2022年8月,10876
cq,2022年9月,10909
cq,2022年10月,10956
cq,2022年11月,10921
cq,2022年12月,11009
cq,2023年1月,11034
cq,2023年2月,11015
cq,2023年3月,11011
cq,2023年4月,11043
cq,2023年5月,10953
cq,2023年6月,10991
cq,2023年7月,11003
cq,2023年8月,10994
cq,2023年9月,11005
wh,2015年1月,8283
wh,2015年2月,8332
wh,2015年3月,8326
wh,2015年4月,8294
wh,2015年5月,8352
wh,2015年6月,8515
wh,2015年7月,8621
wh,2015年8月,8772
wh,2015年9月,8847
wh,2015年10月,8980
wh,2015年11月,9097
wh,2015年12月,9146
wh,2016年1月,9200
wh,2016年2月,9302
wh,2016年3月,9411
wh,2016年4月,9577
wh,2016年5月,9966
wh,2016年6月,10237
wh,2016年7月,10324
wh,2016年8月,10579
wh,2016年9月,10806
wh,2016年10月,11003
wh,2016年11月,11262
wh,2016年12月,11583
wh,2017年1月,11699
wh,2017年2月,11902
wh,2017年3月,11772
wh,2017年4月,11969
wh,2017年5月,12159
wh,2017年6月,14715
wh,2017年7月,14500
wh,2017年8月,14571
wh,2017年9月,14922
wh,2017年10月,15152
wh,2017年11月,14937
wh,2017年12月,16247
wh,2018年1月,16326
wh,2018年2月,16332
wh,2018年3月,17971
wh,2018年4月,17476
wh,2018年5月,18782
wh,2018年6月,17565
wh,2018年7月,17332
wh,2018年8月,16149
wh,2018年9月,16198
wh,2018年10月,16485
wh,2018年11月,15750
wh,2018年12月,15712
wh,2019年1月,15491
wh,2019年2月,15451
wh,2019年3月,15289
wh,2019年4月,15174
wh,2019年5月,15669
wh,2019年6月,15269
wh,2019年7月,15156
wh,2019年8月,15147
wh,2019年9月,15204
wh,2019年10月,14797
wh,2019年11月,15141
wh,2019年12月,15366
wh,2020年1月,15325
wh,2020年2月,15337
wh,2020年3月,15329
wh,2020年4月,15034
wh,2020年5月,15009
wh,2020年6月,15034
wh,2020年7月,15050
wh,2020年8月,15201
wh,2020年9月,15095
wh,2020年10月,15110
wh,2020年11月,15291
wh,2020年12月,15503
wh,2021年1月,15521
wh,2021年2月,15571
wh,2021年3月,15124
wh,2021年4月,15325
wh,2021年5月,15386
wh,2021年6月,15275
wh,2021年7月,15313
wh,2021年8月,15221
wh,2021年9月,15373
wh,2021年10月,15363
wh,2021年11月,15672
wh,2021年12月,15996
wh,2022年1月,15935
wh,2022年2月,15909
wh,2022年3月,15830
wh,2022年4月,15750
wh,2022年5月,15966
wh,2022年6月,16263
wh,2022年7月,16279
wh,2022年8月,16053
wh,2022年9月,16056
wh,2022年10月,16041
wh,2022年11月,15999
wh,2022年12月,16108
wh,2023年1月,15960
wh,2023年2月,16124
wh,2023年3月,16413
wh,2023年4月,16414
wh,2023年5月,16477
wh,2023年6月,16288
wh,2023年7月,16187
wh,2023年8月,16203
wh,2023年9月,16258
hf,2015年1月,7667
hf,2015年2月,7703
hf,2015年3月,7743
hf,2015年4月,7821
hf,2015年5月,7827
hf,2015年6月,7851
hf,2015年7月,7826
hf,2015年8月,7821
hf,2015年9月,7941
hf,2015年10月,8039
hf,2015年11月,8161
hf,2015年12月,8235
hf,2016年1月,8233
hf,2016年2月,8473
hf,2016年3月,8829
hf,2016年4月,8968
hf,2016年5月,9532
hf,2016年6月,9893
hf,2016年7月,10479
hf,2016年8月,10738
hf,2016年9月,11188
hf,2016年10月,11586
hf,2016年11月,12106
hf,2016年12月,12327
hf,2017年1月,12498
hf,2017年2月,12715
hf,2017年3月,12742
hf,2017年4月,12775
hf,2017年5月,12719
hf,2017年6月,13651
hf,2017年7月,13623
hf,2017年8月,13713
hf,2017年9月,13712
hf,2017年10月,14157
hf,2017年11月,14078
hf,2017年12月,14347
hf,2018年1月,13653
hf,2018年2月,13917
hf,2018年3月,14069
hf,2018年4月,14311
hf,2018年5月,14528
hf,2018年6月,14148
hf,2018年7月,14355
hf,2018年8月,14340
hf,2018年9月,14547
hf,2018年10月,14691
hf,2018年11月,14602
hf,2018年12月,14844
hf,2019年1月,14761
hf,2019年2月,14711
hf,2019年3月,14698
hf,2019年4月,14927
hf,2019年5月,15094
hf,2019年6月,15138
hf,2019年7月,15382
hf,2019年8月,15356
hf,2019年9月,15190
hf,2019年10月,15072
hf,2019年11月,15109
hf,2019年12月,15127
hf,2020年1月,15248
hf,2020年2月,15098
hf,2020年3月,15187
hf,2020年4月,15090
hf,2020年5月,15056
hf,2020年6月,15100
hf,2020年7月,15081
hf,2020年8月,14870
hf,2020年9月,15135
hf,2020年10月,15217
hf,2020年11月,15107
hf,2020年12月,14495
hf,2021年1月,14387
hf,2021年2月,13853
hf,2021年3月,13920
hf,2021年4月,13681
hf,2021年5月,13432
hf,2021年6月,13235
hf,2021年7月,13824
hf,2021年8月,12708
hf,2021年9月,12185
hf,2021年10月,12347
hf,2021年11月,12958
hf,2021年12月,13807
hf,2022年1月,14277
hf,2022年2月,13853
hf,2022年3月,14333
hf,2022年4月,14786
hf,2022年5月,14616
hf,2022年6月,15132
hf,2022年7月,14882
hf,2022年8月,15271
hf,2022年9月,14961
hf,2022年10月,14944
hf,2022年11月,15338
hf,2022年12月,15496
hf,2023年1月,15809
hf,2023年2月,15998
hf,2023年3月,16289
hf,2023年4月,16667
hf,2023年5月,16723
hf,2023年6月,16525
hf,2023年7月,16576
hf,2023年8月,16770
hf,2023年9月,16419
nj,2015年1月,13799
nj,2015年2月,14400
nj,2015年3月,14226
nj,2015年4月,14545
nj,2015年5月,14492
nj,2015年6月,14448
nj,2015年7月,14488
nj,2015年8月,14601
nj,2015年9月,14731
nj,2015年10月,14875
nj,2015年11月,15238
nj,2015年12月,15436
nj,2016年1月,15604
nj,2016年2月,15697
nj,2016年3月,15920
nj,2016年4月,17429
nj,2016年5月,17149
nj,2016年6月,17516
nj,2016年7月,17956
nj,2016年8月,18458
nj,2016年9月,18849
nj,2016年10月,19689
nj,2016年11月,20086
nj,2016年12月,20328
nj,2017年1月,20437
nj,2017年2月,20640
nj,2017年3月,20629
nj,2017年4月,20641
nj,2017年5月,20567
nj,2017年6月,23193
nj,2017年7月,22623
nj,2017年8月,21391
nj,2017年9月,21934
nj,2017年10月,20871
nj,2017年11月,20465
nj,2017年12月,19676
nj,2018年1月,19858
nj,2018年2月,19717
nj,2018年3月,19928
nj,2018年4月,19511
nj,2018年5月,19123
nj,2018年6月,18410
nj,2018年7月,18495
nj,2018年8月,17696
nj,2018年9月,17637
nj,2018年10月,17783
nj,2018年11月,18221
nj,2018年12月,18392
nj,2019年1月,18231
nj,2019年2月,18341
nj,2019年3月,18278
nj,2019年4月,18153
nj,2019年5月,18106
nj,2019年6月,18616
nj,2019年7月,18717
nj,2019年8月,18539
nj,2019年9月,19034
nj,2019年10月,19346
nj,2019年11月,19111
nj,2019年12月,19887
nj,2020年1月,20648
nj,2020年2月,20598
nj,2020年3月,20965
nj,2020年4月,20503
nj,2020年5月,20680
nj,2020年6月,20751
nj,2020年7月,20487
nj,2020年8月,20310
nj,2020年9月,21126
nj,2020年10月,21298
nj,2020年11月,21627
nj,2020年12月,22194
nj,2021年1月,22521
nj,2021年2月,22422
nj,2021年3月,22380
nj,2021年4月,22169
nj,2021年5月,21663
nj,2021年6月,20716
nj,2021年7月,21380
nj,2021年8月,23487
nj,2021年9月,23852
nj,2021年10月,23520
nj,2021年11月,24028
nj,2021年12月,25186
nj,2022年1月,25467
nj,2022年2月,25635
nj,2022年3月,25845
nj,2022年4月,25912
nj,2022年5月,26004
nj,2022年6月,26682
nj,2022年7月,26765
nj,2022年8月,26508
nj,2022年9月,26457
nj,2022年10月,26922
nj,2022年11月,27279
nj,2022年12月,27635
nj,2023年1月,27673
nj,2023年2月,27672
nj,2023年3月,27697
nj,2023年4月,27715
nj,2023年5月,28015
nj,2023年6月,27943
nj,2023年7月,28143
nj,2023年8月,28050
nj,2023年9月,27863
hz,2015年1月,15162
hz,2015年2月,15012
hz,2015年3月,15042
hz,2015年4月,14986
hz,2015年5月,15308
hz,2015年6月,14841
hz,2015年7月,14985
hz,2015年8月,14981
hz,2015年9月,14925
hz,2015年10月,14892
hz,2015年11月,14797
hz,2015年12月,14920
hz,2016年1月,14853
hz,2016年2月,14952
hz,2016年3月,15310
hz,2016年4月,15641
hz,2016年5月,16047
hz,2016年6月,16563
hz,2016年7月,17049
hz,2016年8月,17737
hz,2016年9月,19114
hz,2016年10月,20117
hz,2016年11月,20420
hz,2016年12月,20840
hz,2017年1月,20824
hz,2017年2月,21093
hz,2017年3月,21217
hz,2017年4月,21560
hz,2017年5月,21851
hz,2017年6月,24343
hz,2017年7月,25427
hz,2017年8月,25022
hz,2017年9月,25022
hz,2017年10月,25792
hz,2017年11月,27799
hz,2017年12月,25781
hz,2018年1月,25395
hz,2018年2月,25774
hz,2018年3月,26009
hz,2018年4月,25287
hz,2018年5月,26165
hz,2018年6月,27984
hz,2018年7月,26896
hz,2018年8月,25701
hz,2018年9月,24488
hz,2018年10月,23020
hz,2018年11月,21683
hz,2018年12月,23177
hz,2019年1月,23386
hz,2019年2月,23287
hz,2019年3月,23158
hz,2019年4月,22683
hz,2019年5月,23088
hz,2019年6月,23247
hz,2019年7月,22699
hz,2019年8月,22511
hz,2019年9月,24133
hz,2019年10月,24145
hz,2019年11月,24841
hz,2019年12月,26404
hz,2020年1月,25815
hz,2020年2月,26137
hz,2020年3月,25482
hz,2020年4月,25075
hz,2020年5月,25659
hz,2020年6月,25049
hz,2020年7月,24964
hz,2020年8月,24571
hz,2020年9月,24245
hz,2020年10月,23512
hz,2020年11月,23169
hz,2020年12月,22873
hz,2021年1月,22903
hz,2021年2月,22522
hz,2021年3月,22547
hz,2021年4月,22233
hz,2021年5月,21232
hz,2021年6月,20704
hz,2021年7月,20568
hz,2021年8月,20534
hz,2021年9月,20958
hz,2021年10月,21330
hz,2021年11月,21259
hz,2021年12月,21205
hz,2022年1月,20921
hz,2022年2月,21027
hz,2022年3月,21328
hz,2022年4月,21341
hz,2022年5月,22047
hz,2022年6月,22599
hz,2022年7月,22510
hz,2022年8月,22101
hz,2022年9月,23047
hz,2022年10月,23811
hz,2022年11月,23872
hz,2022年12月,24388
hz,2023年1月,24443
hz,2023年2月,24316
hz,2023年3月,23557
hz,2023年4月,23349
hz,2023年5月,22715
hz,2023年6月,23007
hz,2023年7月,22911
hz,2023年8月,23272
hz,2023年9月,23446
nc,2015年1月,8430
nc,2015年2月,8430
nc,2015年3月,8430
nc,2015年4月,8430
nc,2015年5月,8418
nc,2015年6月,8418
nc,2015年7月,8418
nc,2015年8月,8418
nc,2015年9月,8462
nc,2015年10月,8423
nc,2015年11月,8464
nc,2015年12月,8421
nc,2016年1月,8336
nc,2016年2月,8397
nc,2016年3月,8391
nc,2016年4月,8474
nc,2016年5月,8654
nc,2016年6月,8765
nc,2016年7月,8897
nc,2016年8月,9080
nc,2016年9月,9266
nc,2016年10月,9318
nc,2016年11月,9506
nc,2016年12月,9793
nc,2017年1月,9803
nc,2017年2月,10012
nc,2017年3月,10275
nc,2017年4月,10716
nc,2017年5月,10926
nc,2017年6月,11810
nc,2017年7月,11994
nc,2017年8月,12136
nc,2017年9月,12685
nc,2017年10月,12570
nc,2017年11月,12417
nc,2017年12月,12256
nc,2018年1月,12352
nc,2018年2月,12449
nc,2018年3月,12643
nc,2018年4月,12854
nc,2018年5月,13132
nc,2018年6月,13682
nc,2018年7月,14209
nc,2018年8月,14713
nc,2018年9月,14468
nc,2018年10月,14242
nc,2018年11月,14156
nc,2018年12月,13876
nc,2019年1月,13715
nc,2019年2月,13611
nc,2019年3月,13796
nc,2019年4月,13950
nc,2019年5月,13839
nc,2019年6月,13721
nc,2019年7月,13554
nc,2019年8月,13841
nc,2019年9月,13734
nc,2019年10月,13573
nc,2019年11月,13711
nc,2019年12月,13333
nc,2020年1月,13214
nc,2020年2月,13223
nc,2020年3月,13189
nc,2020年4月,13290
nc,2020年5月,13316
nc,2020年6月,13377
nc,2020年7月,13347
nc,2020年8月,13252
nc,2020年9月,12988
nc,2020年10月,13005
nc,2020年11月,12958
nc,2020年12月,12825
nc,2021年1月,12679
nc,2021年2月,12615
nc,2021年3月,12635
nc,2021年4月,12432
nc,2021年5月,12399
nc,2021年6月,12464
nc,2021年7月,12411
nc,2021年8月,12447
nc,2021年9月,12587
nc,2021年10月,12417
nc,2021年11月,12072
nc,2021年12月,12091
nc,2022年1月,12034
nc,2022年2月,11937
nc,2022年3月,11990
nc,2022年4月,11944
nc,2022年5月,11940
nc,2022年6月,11970
nc,2022年7月,11937
nc,2022年8月,12000
nc,2022年9月,11899
nc,2022年10月,12027
nc,2022年11月,12119
nc,2022年12月,12065
nc,2023年1月,12038
nc,2023年2月,11975
nc,2023年3月,11650
nc,2023年4月,11631
nc,2023年5月,11493
nc,2023年6月,11474
nc,2023年7月,11477
nc,2023年8月,11426
nc,2023年9月,11645
cs,2015年1月,6289
cs,2015年2月,6281
cs,2015年3月,6280
cs,2015年4月,6241
cs,2015年5月,6258
cs,2015年6月,6244
cs,2015年7月,6281
cs,2015年8月,6282
cs,2015年9月,6314
cs,2015年10月,6339
cs,2015年11月,6394
cs,2015年12月,6402
cs,2016年1月,6436
cs,2016年2月,6447
cs,2016年3月,6526
cs,2016年4月,6588
cs,2016年5月,6671
cs,2016年6月,6905
cs,2016年7月,6761
cs,2016年8月,6756
cs,2016年9月,7111
cs,2016年10月,7688
cs,2016年11月,7903
cs,2016年12月,8047
cs,2017年1月,8130
cs,2017年2月,8280
cs,2017年3月,8562
cs,2017年4月,8714
cs,2017年5月,8698
cs,2017年6月,9850
cs,2017年7月,9791
cs,2017年8月,10203
cs,2017年9月,10442
cs,2017年10月,10371
cs,2017年11月,10086
cs,2017年12月,9783
cs,2018年1月,9725
cs,2018年2月,9791
cs,2018年3月,9860
cs,2018年4月,10994
cs,2018年5月,11398
cs,2018年6月,11392
cs,2018年7月,11465
cs,2018年8月,10473
cs,2018年9月,10136
cs,2018年10月,9844
cs,2018年11月,9513
cs,2018年12月,9565
cs,2019年1月,9589
cs,2019年2月,10310
cs,2019年3月,9206
cs,2019年4月,9589
cs,2019年5月,9939
cs,2019年6月,9892
cs,2019年7月,9789
cs,2019年8月,9936
cs,2019年9月,9945
cs,2019年10月,9711
cs,2019年11月,9605
cs,2019年12月,9618
cs,2020年1月,9728
cs,2020年2月,9701
cs,2020年3月,9564
cs,2020年4月,9649
cs,2020年5月,9450
cs,2020年6月,9506
cs,2020年7月,9597
cs,2020年8月,9378
cs,2020年9月,9435
cs,2020年10月,9499
cs,2020年11月,9442
cs,2020年12月,9546
cs,2021年1月,9462
cs,2021年2月,9508
cs,2021年3月,9715
cs,2021年4月,9757
cs,2021年5月,9556
cs,2021年6月,9819
cs,2021年7月,9736
cs,2021年8月,9923
cs,2021年9月,9915
cs,2021年10月,9889
cs,2021年11月,10032
cs,2021年12月,10068
cs,2022年1月,10103
cs,2022年2月,10103
cs,2022年3月,10123
cs,2022年4月,10224
cs,2022年5月,10259
cs,2022年6月,10235
cs,2022年7月,10175
cs,2022年8月,10392
cs,2022年9月,10423
cs,2022年10月,10391
cs,2022年11月,10412
cs,2022年12月,10888
cs,2023年1月,10499
cs,2023年2月,10648
cs,2023年3月,10716
cs,2023年4月,10795
cs,2023年5月,10834
cs,2023年6月,10924
cs,2023年7月,10945
cs,2023年8月,10884
cs,2023年9月,10780
gy,2015年1月,5822
gy,2015年2月,5822
gy,2015年3月,5822
gy,2015年4月,5822
gy,2015年5月,5891
gy,2015年6月,5891
gy,2015年7月,5891
gy,2015年8月,5891
gy,2015年9月,5891
gy,2015年10月,5891
gy,2015年11月,5891
gy,2015年12月,5344
gy,2016年1月,5344
gy,2016年2月,5344
gy,2016年3月,5347
gy,2016年4月,5347
gy,2016年5月,5347
gy,2016年6月,5347
gy,2016年7月,5347
gy,2016年8月,5347
gy,2016年9月,5347
gy,2016年10月,5347
gy,2016年11月,5347
gy,2016年12月,5347
gy,2017年1月,5347
gy,2017年2月,5347
gy,2017年3月,5350
gy,2017年4月,5350
gy,2017年5月,5365
gy,2017年6月,5366
gy,2017年7月,5382
gy,2017年8月,5739
gy,2017年9月,5900
gy,2017年10月,5964
gy,2017年11月,6264
gy,2017年12月,6326
gy,2018年1月,6868
gy,2018年2月,6875
gy,2018年3月,6860
gy,2018年4月,6799
gy,2018年5月,8838
gy,2018年6月,9258
gy,2018年7月,9835
gy,2018年8月,10258
gy,2018年9月,11357
gy,2018年10月,11154
gy,2018年11月,11923
gy,2018年12月,11897
gy,2019年1月,11646
gy,2019年2月,11320
gy,2019年3月,11184
gy,2019年4月,11059
gy,2019年5月,11073
gy,2019年6月,10996
gy,2019年7月,10855
gy,2019年8月,10908
gy,2019年9月,11093
gy,2019年10月,10894
gy,2019年11月,10393
gy,2019年12月,10402
gy,2020年1月,10404
gy,2020年2月,10279
gy,2020年3月,10274
gy,2020年4月,10115
gy,2020年5月,9966
gy,2020年6月,9937
gy,2020年7月,9687
gy,2020年8月,9655
gy,2020年9月,9705
gy,2020年10月,9642
gy,2020年11月,9689
gy,2020年12月,9473
gy,2021年1月,9322
gy,2021年2月,9405
gy,2021年3月,9179
gy,2021年4月,9095
gy,2021年5月,9233
gy,2021年6月,9438
gy,2021年7月,9559
gy,2021年8月,9502
gy,2021年9月,9683
gy,2021年10月,9572
gy,2021年11月,9618
gy,2021年12月,9592
gy,2022年1月,9604
gy,2022年2月,9558
gy,2022年3月,9505
gy,2022年4月,9479
gy,2022年5月,9460
gy,2022年6月,9386
gy,2022年7月,9362
gy,2022年8月,9354
gy,2022年9月,9323
gy,2022年10月,9214
gy,2022年11月,9232
gy,2022年12月,9141
gy,2023年1月,9151
gy,2023年2月,9220
gy,2023年3月,9251
gy,2023年4月,9153
gy,2023年5月,9189
gy,2023年6月,9100
gy,2023年7月,9070
gy,2023年8月,9132
gy,2023年9月,9158
km,2015年1月,8462
km,2015年2月,8462
km,2015年3月,8462
km,2015年4月,8462
km,2015年5月,8648
km,2015年6月,8648
km,2015年7月,8648
km,2015年8月,8618
km,2015年9月,8618
km,2015年10月,8618
km,2015年11月,8622
km,2015年12月,7282
km,2016年1月,7119
km,2016年2月,7119
km,2016年3月,7119
km,2016年4月,7119
km,2016年5月,7119
km,2016年6月,7131
km,2016年7月,7114
km,2016年8月,7106
km,2016年9月,8273
km,2016年10月,8699
km,2016年11月,8773
km,2016年12月,8784
km,2017年1月,8806
km,2017年2月,8900
km,2017年3月,9101
km,2017年4月,9176
km,2017年5月,9427
km,2017年6月,9990
km,2017年7月,10657
km,2017年8月,10686
km,2017年9月,10759
km,2017年10月,11100
km,2017年11月,11156
km,2017年12月,11195
km,2018年1月,10962
km,2018年2月,11156
km,2018年3月,11382
km,2018年4月,11654
km,2018年5月,11943
km,2018年6月,12388
km,2018年7月,13287
km,2018年8月,13197
km,2018年9月,13112
km,2018年10月,12822
km,2018年11月,12809
km,2018年12月,12770
km,2019年1月,12610
km,2019年2月,12659
km,2019年3月,12654
km,2019年4月,12835
km,2019年5月,12819
km,2019年6月,12924
km,2019年7月,12919
km,2019年8月,12918
km,2019年9月,13114
km,2019年10月,13312
km,2019年11月,13334
km,2019年12月,13267
km,2020年1月,13284
km,2020年2月,13398
km,2020年3月,13330
km,2020年4月,13331
km,2020年5月,13560
km,2020年6月,13703
km,2020年7月,13426
km,2020年8月,13964
km,2020年9月,14018
km,2020年10月,14097
km,2020年11月,14152
km,2020年12月,14151
km,2021年1月,14315
km,2021年2月,14256
km,2021年3月,14390
km,2021年4月,14390
km,2021年5月,14136
km,2021年6月,14061
km,2021年7月,14135
km,2021年8月,13939
km,2021年9月,14053
km,2021年10月,13884
km,2021年11月,14005
km,2021年12月,13780
km,2022年1月,13692
km,2022年2月,13502
km,2022年3月,13497
km,2022年4月,13531
km,2022年5月,13372
km,2022年6月,13291
km,2022年7月,13200
km,2022年8月,13125
km,2022年9月,12957
km,2022年10月,12804
km,2022年11月,12665
km,2022年12月,12722
km,2023年1月,12650
km,2023年2月,12632
km,2023年3月,12466
km,2023年4月,12465
km,2023年5月,12367
km,2023年6月,12540
km,2023年7月,12569
km,2023年8月,12600
km,2023年9月,12536
nn,2015年1月,9012
nn,2015年2月,9012
nn,2015年3月,9012
nn,2015年4月,9012
nn,2015年5月,8990
nn,2015年6月,8990
nn,2015年7月,8990
nn,2015年8月,8990
nn,2015年9月,8990
nn,2015年10月,8990
nn,2015年11月,8990
nn,2015年12月,9169
nn,2016年1月,8383
nn,2016年2月,8116
nn,2016年3月,8245
nn,2016年4月,8264
nn,2016年5月,8401
nn,2016年6月,8515
nn,2016年7月,8478
nn,2016年8月,8567
nn,2016年9月,8535
nn,2016年10月,8621
nn,2016年11月,8713
nn,2016年12月,8894
nn,2017年1月,9017
nn,2017年2月,9053
nn,2017年3月,9331
nn,2017年4月,9725
nn,2017年5月,10120
nn,2017年6月,11618
nn,2017年7月,11764
nn,2017年8月,11811
nn,2017年9月,11585
nn,2017年10月,12133
nn,2017年11月,12158
nn,2017年12月,11732
nn,2018年1月,10479
nn,2018年2月,9933
nn,2018年3月,10189
nn,2018年4月,11318
nn,2018年5月,11208
nn,2018年6月,11306
nn,2018年7月,11508
nn,2018年8月,11562
nn,2018年9月,11636
nn,2018年10月,11828
nn,2018年11月,12023
nn,2018年12月,12007
nn,2019年1月,12126
nn,2019年2月,12139
nn,2019年3月,12140
nn,2019年4月,11998
nn,2019年5月,12018
nn,2019年6月,12028
nn,2019年7月,12114
nn,2019年8月,12292
nn,2019年9月,12137
nn,2019年10月,12019
nn,2019年11月,12040
nn,2019年12月,11940
nn,2020年1月,11900
nn,2020年2月,11720
nn,2020年3月,11754
nn,2020年4月,11675
nn,2020年5月,11815
nn,2020年6月,11728
nn,2020年7月,11791
nn,2020年8月,12328
nn,2020年9月,12604
nn,2020年10月,12508
nn,2020年11月,12728
nn,2020年12月,12852
nn,2021年1月,12642
nn,2021年2月,12826
nn,2021年3月,12818
nn,2021年4月,12644
nn,2021年5月,12395
nn,2021年6月,12465
nn,2021年7月,12793
nn,2021年8月,12870
nn,2021年9月,12681
nn,2021年10月,12579
nn,2021年11月,12552
nn,2021年12月,12523
nn,2022年1月,12298
nn,2022年2月,12212
nn,2022年3月,12139
nn,2022年4月,12009
nn,2022年5月,11877
nn,2022年6月,11575
nn,2022年7月,11655
nn,2022年8月,11755
nn,2022年9月,11901
nn,2022年10月,11860
nn,2022年11月,11777
nn,2022年12月,11714
nn,2023年1月,11711
nn,2023年2月,11716
nn,2023年3月,11687
nn,2023年4月,11636
nn,2023年5月,11591
nn,2023年6月,11622
nn,2023年7月,11609
nn,2023年8月,11725
nn,2023年9月,11662
fz,2015年1月,13340
fz,2015年2月,13198
fz,2015年3月,13112
fz,2015年4月,13510
fz,2015年5月,13660
fz,2015年6月,13714
fz,2015年7月,12974
fz,2015年8月,13062
fz,2015年9月,12810
fz,2015年10月,12888
fz,2015年11月,12946
fz,2015年12月,12862
fz,2016年1月,12665
fz,2016年2月,12949
fz,2016年3月,13447
fz,2016年4月,13845
fz,2016年5月,14285
fz,2016年6月,14872
fz,2016年7月,15001
fz,2016年8月,16196
fz,2016年9月,16330
fz,2016年10月,16545
fz,2016年11月,16681
fz,2016年12月,17165
fz,2017年1月,17303
fz,2017年2月,17095
fz,2017年3月,17453
fz,2017年4月,18019
fz,2017年5月,18322
fz,2017年6月,19560
fz,2017年7月,21677
fz,2017年8月,22310
fz,2017年9月,21876
fz,2017年10月,20677
fz,2017年11月,19896
fz,2017年12月,20090
fz,2018年1月,19476
fz,2018年2月,19077
fz,2018年3月,18985
fz,2018年4月,18870
fz,2018年5月,20132
fz,2018年6月,19907
fz,2018年7月,19940
fz,2018年8月,20092
fz,2018年9月,20008
fz,2018年10月,20172
fz,2018年11月,18427
fz,2018年12月,18528
fz,2019年1月,18129
fz,2019年2月,17370
fz,2019年3月,17191
fz,2019年4月,16491
fz,2019年5月,16377
fz,2019年6月,16754
fz,2019年7月,16589
fz,2019年8月,17137
fz,2019年9月,16582
fz,2019年10月,18283
fz,2019年11月,18666
fz,2019年12月,18245
fz,2020年1月,18335
fz,2020年2月,17635
fz,2020年3月,18047
fz,2020年4月,18277
fz,2020年5月,18529
fz,2020年6月,18460
fz,2020年7月,18287
fz,2020年8月,18274
fz,2020年9月,18398
fz,2020年10月,18119
fz,2020年11月,18530
fz,2020年12月,18590
fz,2021年1月,18611
fz,2021年2月,18320
fz,2021年3月,16295
fz,2021年4月,16467
fz,2021年5月,17131
fz,2021年6月,17172
fz,2021年7月,18060
fz,2021年8月,18036
fz,2021年9月,18034
fz,2021年10月,18484
fz,2021年11月,18574
fz,2021年12月,19384
fz,2022年1月,19627
fz,2022年2月,19602
fz,2022年3月,19108
fz,2022年4月,18813
fz,2022年5月,18798
fz,2022年6月,19033
fz,2022年7月,19335
fz,2022年8月,19666
fz,2022年9月,19917
fz,2022年10月,19784
fz,2022年11月,19756
fz,2022年12月,19936
fz,2023年1月,19753
fz,2023年2月,19738
fz,2023年3月,19666
fz,2023年4月,19978
fz,2023年5月,19760
fz,2023年6月,19795
fz,2023年7月,19913
fz,2023年8月,19726
fz,2023年9月,19791
haikou,2015年1月,9857
haikou,2015年2月,9857
haikou,2015年3月,9857
haikou,2015年4月,9857
haikou,2015年5月,10018
haikou,2015年6月,10018
haikou,2015年7月,10018
haikou,2015年8月,10000
haikou,2015年9月,9982
haikou,2015年10月,9982
haikou,2015年11月,9853
haikou,2015年12月,8986
haikou,2016年1月,8585
haikou,2016年2月,8557
haikou,2016年3月,8538
haikou,2016年4月,8498
haikou,2016年5月,8588
haikou,2016年6月,8741
haikou,2016年7月,8803
haikou,2016年8月,8783
haikou,2016年9月,8815
haikou,2016年10月,8908
haikou,2016年11月,9001
haikou,2016年12月,9084
haikou,2017年1月,9188
haikou,2017年2月,9405
haikou,2017年3月,11153
haikou,2017年4月,11822
haikou,2017年5月,12173
haikou,2017年6月,13354
haikou,2017年7月,13469
haikou,2017年8月,13757
haikou,2017年9月,14137
haikou,2017年10月,14701
haikou,2017年11月,15297
haikou,2017年12月,14845
haikou,2018年1月,15521
haikou,2018年2月,16803
haikou,2018年3月,16634
haikou,2018年4月,17251
haikou,2018年5月,18277
haikou,2018年6月,18089
haikou,2018年7月,18330
haikou,2018年8月,18345
haikou,2018年9月,18081
haikou,2018年10月,16869
haikou,2018年11月,16824
haikou,2018年12月,15908
haikou,2019年1月,15353
haikou,2019年2月,15316
haikou,2019年3月,15174
haikou,2019年4月,15318
haikou,2019年5月,15546
haikou,2019年6月,15968
haikou,2019年7月,15716
haikou,2019年8月,15228
haikou,2019年9月,14895
haikou,2019年10月,15077
haikou,2019年11月,14960
haikou,2019年12月,14977
haikou,2020年1月,14996
haikou,2020年2月,15047
haikou,2020年3月,14885
haikou,2020年4月,14753
haikou,2020年5月,14932
haikou,2020年6月,14989
haikou,2020年7月,15090
haikou,2020年8月,14950
haikou,2020年9月,14861
haikou,2020年10月,14760
haikou,2020年11月,14806
haikou,2020年12月,14755
haikou,2021年1月,14775
haikou,2021年2月,14750
haikou,2021年3月,14554
haikou,2021年4月,14622
haikou,2021年5月,14563
haikou,2021年6月,14610
haikou,2021年7月,13722
haikou,2021年8月,13920
haikou,2021年9月,14010
haikou,2021年10月,14338
haikou,2021年11月,14404
haikou,2021年12月,14371
haikou,2022年1月,14439
haikou,2022年2月,14285
haikou,2022年3月,14297
haikou,2022年4月,14354
haikou,2022年5月,14344
haikou,2022年6月,14210
haikou,2022年7月,13986
haikou,2022年8月,14031
haikou,2022年9月,14387
haikou,2022年10月,14511
haikou,2022年11月,14402
haikou,2022年12月,14365
haikou,2023年1月,14311
haikou,2023年2月,14524
haikou,2023年3月,14467
haikou,2023年4月,14585
haikou,2023年5月,14708
haikou,2023年6月,14846
haikou,2023年7月,14755
haikou,2023年8月,14810
haikou,2023年9月,14625
