cq,2015年1月,7901
cq,2015年2月,7945
cq,2015年3月,7930
cq,2015年4月,7965
cq,2015年5月,7862
cq,2015年6月,7610
cq,2015年7月,7568
cq,2015年8月,7589
cq,2015年9月,7774
cq,2015年10月,7723
cq,2015年11月,7726
cq,2015年12月,7711
cq,2016年1月,7726
cq,2016年2月,7780
cq,2016年3月,7906
cq,2016年4月,7916
cq,2016年5月,8011
cq,2016年6月,8038
cq,2016年7月,8062
cq,2016年8月,8123
cq,2016年9月,8141
cq,2016年10月,8283
cq,2016年11月,8846
cq,2016年12月,9035
cq,2017年1月,9331
cq,2017年2月,9658
cq,2017年3月,10154
cq,2017年4月,10850
cq,2017年5月,11201
cq,2017年6月,11949
cq,2017年7月,10003
cq,2017年8月,10273
cq,2017年9月,12705
cq,2017年10月,12620
cq,2017年11月,12241
cq,2017年12月,11968
cq,2018年1月,10937
cq,2018年2月,10610
cq,2018年3月,10738
cq,2018年4月,12497
cq,2018年5月,11477
cq,2018年6月,13097
cq,2018年7月,13172
cq,2018年8月,13371
cq,2018年9月,14307
cq,2018年10月,13629
cq,2018年11月,12696
cq,2018年12月,12623
cq,2019年1月,12749
cq,2019年2月,12849
cq,2019年3月,12740
cq,2019年4月,12561
cq,2019年5月,13101
cq,2019年6月,13165
cq,2019年7月,12374
cq,2019年8月,12339
cq,2019年9月,12575
cq,2019年10月,12335
cq,2019年11月,12274
cq,2019年12月,12322
